{"cameraMode":{"drawMode":0,"name":"Shaded","section":"Shading Mode"},"sceneLighting":true,"audioPlay":false,"sceneViewState":{"m_AlwaysRefresh":false,"showFog":true,"showSkybox":true,"showFlares":true,"showImageEffects":true,"showParticleSystems":true,"showVisualEffectGraphs":true,"m_FxEnabled":true},"in2DMode":false,"pivot":{"x":-2.609999895095825,"y":0.009999990463256836,"z":8.350000381469727},"rotation":{"x":-0.08714798092842102,"y":0.03408972918987274,"z":-0.0030095307156443598,"w":-0.9956257939338684},"size":5.140809059143066,"orthographic":false}